"Geolocation","Total Deaths Place of Usual Residence","Total Deaths Place of Occurrence","Maternal Deaths Place of Usual Residence","Maternal Deaths Place of Occurrence","Infant Deaths Place of Usual Residence","Infant Deaths Place of Occurrence"
"PHILIPPINES",701884,701884,1852,1852,20529,20529
"NATIONAL CAPITAL REGION (NCR)",84035,99600,223,291,2815,3643
"…...City of Caloocan",10231,8355,28,22,331,191
"…...City of Las Pińas",4089,4874,11,16,118,151
"…...City of Makati",1889,1191,3,1,34,11
"…...City of Malabon",2691,1795,8,2,76,29
"…...City of Mandaluyong",2355,2152,7,6,75,59
"…...City of Manila",12796,21196,26,64,362,1019
"…...City of Marikina",3668,4329,11,19,118,197
"…...City of Muntinlupa",3223,3946,7,7,117,118
"…...City of Navotas",1854,1160,3,1,62,27
"…...City of Parańaque",4091,3105,12,8,147,90
"…...Pasay City",2420,2250,11,10,80,55
"…...City of Pasig",4825,6183,13,34,216,301
"…...Quezon City",18393,28569,55,76,670,1069
"…...City of San Juan",861,992,0,0,20,20
"…...City of Taguig",5986,5727,19,16,243,188
"…...City of Valenzuela",4225,3511,7,8,135,114
"…...Pateros",438,265,2,1,11,4
"CORDILLERA ADMINISTRATIVE REGION (CAR)",10323,10377,32,20,208,195
"….ABRA",1916,1636,11,4,37,11
"…...Bangued",393,654,3,3,10,7
"…...Boliney",19,15,0,0,1,0
"…...Bucay",132,83,0,0,3,2
"…...Bucloc",20,13,0,0,0,0
"…...Daguioman",16,12,0,0,1,0
"…...Danglas",35,14,0,0,0,0
"…...Dolores",103,100,0,0,1,1
"…...La Paz",155,96,1,1,3,0
"…...Lacub",13,6,1,0,0,0
"…...Lagangilang",111,54,1,0,3,0
"…...Lagayan",42,27,1,0,0,0
"…...Langiden",22,7,0,0,0,0
"…...Licuan-Baay",32,16,0,0,1,0
"…...Luba",60,39,0,0,1,0
"…...Malibcong",24,12,0,0,0,0
"…...Manabo",98,69,0,0,1,0
"…...Peńarrubia",55,25,0,0,3,0
"…...Pidigan",101,62,1,0,3,0
"…...Pilar",71,51,1,0,4,0
"…...Sallapadan",47,34,1,0,0,0
"…...San Isidro",46,37,0,0,1,1
"…...San Juan",77,46,1,0,0,0
"…...San Quintin",36,18,0,0,0,0
"…...Tayum",117,75,0,0,1,0
"…...Tineg",17,10,0,0,0,0
"…...Tubo",31,23,0,0,0,0
"…...Villaviciosa",43,38,0,0,0,0
"….APAYAO",763,953,3,2,25,43
"…...Calanasan",49,25,0,0,3,2
"…...Conner",187,225,0,0,7,9
"…...Flora",122,73,0,0,3,1
"…...Kabugao",78,53,1,1,3,0
"…...Luna",153,463,2,1,4,30
"…...Pudtol",87,59,0,0,3,1
"…...Santa Marcela",87,55,0,0,2,0
"….BENGUET",2371,1920,3,0,43,20
"…...Atok",119,93,0,0,1,2
"…...Bakun",73,47,0,0,2,1
"…...Bokod",113,93,0,0,0,0
"…...Buguias",210,189,1,0,6,2
"…...Itogon",362,215,1,0,4,0
"…...Kabayan",95,68,0,0,2,0
"…...Kapangan",142,113,1,0,1,0
"…...Kibungan",90,59,0,0,1,0
"…...La Trinidad",576,696,0,0,16,14
"…...Mankayan",184,111,0,0,2,0
"…...Sablan",80,51,0,0,2,0
"…...Tuba",211,115,0,0,2,0
"…...Tublay",116,70,0,0,4,1
"….IFUGAO",1008,771,3,1,17,7
"…...Aguinaldo",72,53,1,0,3,1
"…...Alfonso Lista",186,157,0,0,5,2
"…...Asipulo",38,24,0,0,0,0
"…...Banaue",112,76,1,1,3,0
"…...Hingyon",67,42,0,0,0,0
"…...Hungduan",49,36,0,0,1,0
"…...Kiangan",91,56,0,0,2,1
"…...Lagawe",119,103,0,0,0,1
"…...Lamut",134,119,1,0,0,0
"…...Mayoyao",64,49,0,0,0,0
"…...Tinoc",76,56,0,0,3,2
"….KALINGA",1321,1150,4,2,21,13
"…...Balbalan",73,47,0,0,0,0
"…...Lubuagan",59,49,0,0,3,1
"…...Pasil",56,38,1,1,0,0
"…...Pinukpuk",157,110,1,0,1,0
"…...Rizal",106,80,0,0,2,0
"…...City of Tabuk",769,760,1,1,13,10
"…...Tanudan",31,19,1,0,0,0
"…...Tinglayan",70,47,0,0,2,2
"….MOUNTAIN PROVINCE",976,935,4,1,24,28
"…...Barlig",31,22,0,0,0,0
"…...Bauko",201,343,1,1,10,22
"…...Besao",57,50,0,0,0,0
"…...Bontoc",174,165,1,0,4,3
"…...Natonin",60,43,0,0,1,0
"…...Paracelis",149,105,1,0,6,2
"…...Sabangan",54,28,1,0,0,0
"…...Sadanga",55,46,0,0,1,1
"…...Sagada",64,46,0,0,1,0
"…...Tadian",131,87,0,0,1,0
"….CITY OF BAGUIO",1968,3012,4,10,41,73
"REGION I (ILOCOS REGION)",40946,40606,75,81,1238,1245
"….ILOCOS NORTE",5094,5329,9,18,130,163
"…...Adams",16,12,0,0,0,0
"…...Bacarra",268,153,0,0,11,0
"…...Badoc",249,160,0,0,10,1
"…...Bangui",147,137,1,1,0,0
"…...Banna",130,68,2,1,2,0
"…...City of Batac",492,1901,0,14,7,133
"…...Burgos",83,43,0,0,2,0
"…...Carasi",13,8,0,0,0,0
"…...Currimao",125,76,0,0,2,0
"…...Dingras",340,235,1,0,6,2
"…...Dumalneg",22,12,0,0,0,0
"…...City of Laoag",927,1109,1,1,18,12
"…...Marcos",133,124,0,0,4,3
"…...Nueva Era",69,39,0,0,2,0
"…...Pagudpud",158,90,1,1,6,1
"…...Paoay",227,128,0,0,6,1
"…...Pasuquin",258,159,0,0,8,2
"…...Piddig",210,134,0,0,5,1
"…...Pinili",131,80,0,0,5,1
"…...San Nicolas",369,259,1,0,13,3
"…...Sarrat",210,121,0,0,4,0
"…...Solsona",237,139,2,0,8,0
"…...Vintar",280,142,0,0,11,3
"….ILOCOS SUR",5479,5305,8,5,118,84
"…...Alilem",56,36,0,0,0,0
"…...Banayoyo",42,27,0,0,2,0
"…...Bantay",289,672,2,4,4,13
"…...Burgos",91,54,0,0,3,0
"…...Cabugao",291,245,1,0,7,3
"…...City of Candon",512,678,3,1,11,10
"…...Caoayan",165,89,0,0,3,0
"…...Cervantes",115,95,0,0,4,2
"…...Galimuyod",87,53,0,0,0,0
"…...Gregorio del Pilar",40,31,0,0,0,0
"…...Lidlidda",36,25,0,0,0,0
"…...Magsingal",233,158,0,0,5,0
"…...Nagbukel",41,20,0,0,0,0
"…...Narvacan",375,371,1,0,12,6
"…...Quirino",39,30,0,0,1,0
"…...Salcedo",88,86,0,0,3,0
"…...San Emilio",60,41,0,0,1,0
"…...San Esteban",55,41,0,0,0,0
"…...San Ildefonso",59,36,0,0,1,1
"…...San Juan",206,116,0,0,3,0
"…...San Vicente",112,54,0,0,4,0
"…...Santa",132,79,0,0,1,0
"…...Santa Catalina",120,55,0,0,6,0
"…...Santa Cruz",316,178,0,0,5,1
"…...Santa Lucia",201,182,0,0,2,1
"…...Santa Maria",236,174,0,0,4,3
"…...Santiago",157,103,1,0,3,1
"…...Santo Domingo",203,102,0,0,2,1
"…...Sigay",14,10,0,0,0,0
"…...Sinait",235,217,0,0,6,4
"…...Sugpon",26,21,0,0,1,0
"…...Suyo",74,43,0,0,2,0
"…...Tagudin",340,418,0,0,11,4
"…...City of Vigan",433,765,0,0,11,34
"….LA UNION",6062,6333,13,14,163,207
"…...Agoo",511,681,1,3,18,17
"…...Aringay",342,196,2,0,14,2
"…...Bacnotan",295,264,1,0,7,0
"…...Bagulin",78,63,0,0,2,1
"…...Balaoan",352,366,2,1,14,3
"…...Bangar",260,143,0,0,6,0
"…...Bauang",641,292,1,0,19,1
"…...Burgos",53,26,0,0,0,0
"…...Caba",179,149,2,0,2,0
"…...Luna",305,185,0,0,4,3
"…...Naguilian",450,340,2,0,13,4
"…...Pugo",127,66,0,0,2,0
"…...Rosario",400,292,0,1,13,3
"…...City of San Fernando",874,2620,2,9,25,170
"…...San Gabriel",118,64,0,0,0,0
"…...San Juan",333,187,0,0,10,2
"…...Santo Tomas",281,139,0,0,9,1
"…...Santol",100,57,0,0,1,0
"…...Sudipen",150,77,0,0,1,0
"…...Tubao",213,126,0,0,3,0
"….PANGASINAN",24311,23639,45,44,827,791
"…...Agno",240,153,0,0,3,1
"…...Aguilar",328,202,0,0,13,1
"…...City of Alaminos",800,935,2,2,21,17
"…...Alcala",380,219,0,0,10,1
"…...Anda",286,211,0,0,3,0
"…...Asingan",471,335,0,0,18,7
"…...Balungao",255,177,0,0,9,1
"…...Bani",425,263,0,0,14,5
"…...Basista",288,148,0,0,14,1
"…...Bautista",258,153,0,0,10,2
"…...Bayambang",910,917,1,0,28,7
"…...Binalonan",528,306,3,0,17,2
"…...Binmaley",653,369,0,0,15,4
"…...Bolinao",579,485,2,0,23,8
"…...Bugallon",579,345,1,0,25,5
"…...Burgos",162,90,1,0,2,0
"…...Calasiao",742,404,1,0,32,2
"…...City of Dagupan",1473,4674,6,22,63,460
"…...Dasol",239,292,0,0,17,12
"…...Infanta",225,149,0,0,13,2
"…...Labrador",186,123,0,0,4,0
"…...Laoac",269,165,0,0,11,2
"…...Lingayen",943,918,0,1,29,9
"…...Mabini",172,91,0,0,5,0
"…...Malasiqui",1110,782,3,0,37,5
"…...Manaoag",546,374,0,0,20,7
"…...Mangaldan",812,445,1,0,29,3
"…...Mangatarem",587,526,4,3,15,6
"…...Mapandan",302,270,0,0,5,6
"…...Natividad",175,104,0,0,3,1
"…...Pozorrubio",558,470,3,0,28,5
"…...Rosales",511,935,3,1,8,26
"…...City of San Carlos",1539,2215,4,6,54,103
"…...San Fabian",655,395,0,0,24,4
"…...San Jacinto",329,176,1,0,14,1
"…...San Manuel",411,274,0,0,18,8
"…...San Nicolas",300,171,0,0,13,0
"…...San Quintin",302,190,1,1,18,4
"…...Santa Barbara",618,343,0,0,19,4
"…...Santa Maria",269,156,0,0,8,1
"…...Santo Tomas",130,75,0,0,3,0
"…...Sison",338,223,1,1,9,0
"…...Sual",278,196,0,0,12,3
"…...Tayug",337,632,2,1,10,12
"…...Umingan",560,421,0,0,24,8
"…...Urbiztondo",437,279,2,1,22,4
"…...City of Urdaneta",1185,1467,2,5,23,30
"…...Villasis",631,396,1,0,12,1
"REGION II (CAGAYAN VALLEY)",24616,24408,45,50,552,538
"….BATANES",123,114,0,0,11,9
"…...Basco",51,66,0,0,8,9
"…...Itbayat",18,16,0,0,2,0
"…...Ivana",9,7,0,0,0,0
"…...Mahatao",17,8,0,0,0,0
"…...Sabtang",13,8,0,0,1,0
"…...Uyugan",15,9,0,0,0,0
"….CAGAYAN",8959,9539,17,25,188,206
"…...Abulug",225,154,0,0,9,1
"…...Alcala",301,203,0,0,3,1
"…...Allacapan",246,119,0,0,10,2
"…...Amulung",322,183,1,0,7,1
"…...Aparri",543,476,1,1,15,17
"…...Baggao",576,368,2,0,12,2
"…...Ballesteros",267,230,0,0,6,5
"…...Buguey",226,121,2,2,3,1
"…...Calayan",84,65,0,0,0,0
"…...Camalaniugan",186,303,0,0,0,4
"…...Claveria",247,150,0,0,6,2
"…...Enrile",252,152,0,0,5,0
"…...Gattaran",403,276,1,0,8,1
"…...Gonzaga",292,254,2,1,10,7
"…...Iguig",241,111,0,0,3,0
"…...Lal-lo",325,171,1,0,9,2
"…...Lasam",293,216,2,1,10,2
"…...Pamplona",192,100,0,0,6,0
"…...Peńablanca",324,163,1,0,9,1
"…...Piat",199,178,0,1,4,1
"…...Rizal",146,88,0,0,2,0
"…...Sanchez-Mira",208,185,0,0,2,0
"…...Santa Ana",230,170,0,0,2,0
"…...Santa Praxedes",30,17,0,0,1,1
"…...Santa Teresita",146,69,0,0,5,1
"…...Santo Nińo",220,135,0,0,4,1
"…...Solana",643,366,3,1,17,4
"…...Tuao",452,337,1,0,3,0
"…...Tuguegarao City",1140,4179,0,18,17,149
"….ISABELA",11244,10507,18,15,256,240
"…...Alicia",511,478,1,1,12,7
"…...Angadanan",305,205,0,0,5,2
"…...Aurora",254,191,0,0,2,1
"…...Benito Soliven",166,87,2,0,4,0
"…...Burgos",155,100,0,0,4,0
"…...Cabagan",331,294,1,1,4,4
"…...Cabatuan",276,199,0,0,9,3
"…...City of Cauayan",980,1201,1,3,30,33
"…...Cordon",325,221,0,0,12,1
"…...Delfin Albano",181,142,0,0,4,1
"…...Dinapigue",38,32,0,0,0,0
"…...Divilacan",23,12,0,0,1,1
"…...Echague",596,444,2,0,17,7
"…...Gamu",195,115,0,0,4,1
"…...City of Ilagan",913,971,2,2,14,11
"…...Jones",375,285,0,0,5,1
"…...Luna",118,76,0,0,0,0
"…...Maconacon",28,21,0,0,3,2
"…...Mallig",225,161,0,0,5,1
"…...Naguilian",227,186,1,0,3,1
"…...Palanan",84,57,0,0,1,0
"…...Quezon",194,151,0,0,4,1
"…...Quirino",191,128,0,0,5,1
"…...Ramon",365,231,0,0,8,1
"…...Reina Mercedes",172,99,1,0,3,0
"…...Roxas",467,493,2,0,13,7
"…...San Agustin",196,130,0,0,1,0
"…...San Guillermo",118,76,0,0,2,1
"…...San Isidro",155,87,0,0,3,0
"…...San Manuel",235,143,0,0,2,0
"…...San Mariano",268,214,0,0,9,3
"…...San Mateo",537,423,0,0,10,4
"…...San Pablo",181,102,0,0,6,1
"…...Santa Maria",165,117,1,0,6,1
"…...City of Santiago",1116,2228,0,6,30,138
"…...Santo Tomas",157,89,1,0,3,1
"…...Tumauini",421,318,3,2,12,4
"….NUEVA VIZCAYA",3053,3163,9,9,64,66
"…...Alfonso Castaneda",42,32,1,0,2,2
"…...Ambaguio",44,31,0,0,2,2
"…...Aritao",281,184,1,0,5,1
"…...Bagabag",254,145,0,0,5,0
"…...Bambang",399,368,1,1,9,9
"…...Bayombong",489,1354,2,6,8,40
"…...Diadi",109,86,0,0,0,0
"…...Dupax del Norte",189,142,0,0,6,3
"…...Dupax del Sur",124,76,0,0,2,0
"…...Kasibu",168,113,2,1,5,3
"…...Kayapa",136,105,0,0,1,0
"…...Quezon",103,60,0,0,4,1
"…...Santa Fe",104,61,0,0,3,2
"…...Solano",475,340,2,1,10,3
"…...Villaverde",136,66,0,0,2,0
"….QUIRINO",1237,1085,1,1,33,17
"…...Aglipay",196,107,0,0,7,1
"…...Cabarroguis",190,428,0,0,11,12
"…...Diffun",375,230,0,0,7,1
"…...Maddela",247,197,1,1,4,2
"…...Nagtipunan",117,77,0,0,2,1
"…...Saguday",112,46,0,0,2,0
"REGION III (CENTRAL LUZON)",86131,83839,187,180,2847,2754
"….AURORA",1523,1171,3,1,44,13
"…...Baler",267,380,0,1,10,7
"…...Casiguran",159,142,0,0,2,2
"…...Dilasag",97,57,1,0,2,0
"…...Dinalungan",67,45,0,0,1,1
"…...Dingalan",162,122,0,0,3,1
"…...Dipaculao",244,135,2,0,9,1
"…...Maria Aurora",322,194,0,0,12,1
"…...San Luis",205,96,0,0,5,0
"….BATAAN",5976,5976,7,7,289,308
"…...Abucay",338,114,0,0,13,0
"…...Bagac",209,119,0,0,4,3
"…...City of Balanga",793,3145,1,4,32,278
"…...Dinalupihan",894,651,1,1,37,8
"…...Hermosa",531,199,1,0,31,0
"…...Limay",534,231,1,0,31,1
"…...Mariveles",862,460,0,0,58,5
"…...Morong",236,138,3,1,19,4
"…...Orani",584,345,0,1,26,5
"…...Orion",412,250,0,0,11,1
"…...Pilar",328,219,0,0,14,3
"…...Samal",255,105,0,0,13,0
"….BULACAN",25130,22084,57,50,1099,941
"…...Angat",439,310,1,1,18,5
"…...Balagtas",556,325,1,0,21,3
"…...City of Baliwag",1202,1353,3,2,50,45
"…...Bocaue",959,924,5,2,46,25
"…...Bulacan",633,457,1,2,19,0
"…...Bustos",540,369,1,1,14,8
"…...Calumpit",802,563,2,2,28,10
"…...Dońa Remedios Trinidad",152,86,1,0,11,4
"…...Guiguinto",787,503,2,0,45,5
"…...Hagonoy",984,770,1,1,37,5
"…...City of Malolos",1889,4622,8,21,76,574
"…...Marilao",1480,662,4,1,80,5
"…...City of Meycauayan",1625,1153,3,1,90,25
"…...Norzagaray",906,599,0,0,42,10
"…...Obando",451,254,1,0,6,1
"…...Pandi",1000,470,2,0,83,4
"…...Paombong",427,264,0,0,12,1
"…...Plaridel",821,615,2,1,26,14
"…...Pulilan",767,588,2,0,31,4
"…...San Ildefonso",741,560,1,2,40,11
"…...City of San Jose del Monte",4133,3397,7,3,186,97
"…...San Miguel",1094,842,4,4,30,9
"…...San Rafael",707,368,1,1,30,1
"…...Santa Maria",2035,2030,4,5,78,75
"….NUEVA ECIJA",16611,16950,36,36,454,515
"…...Aliaga",479,295,0,0,9,0
"…...Bongabon",443,312,2,0,9,2
"…...City of Cabanatuan",2332,6616,12,29,67,387
"…...Cabiao",590,437,3,0,11,3
"…...Carranglan",255,173,2,0,5,1
"…...Cuyapo",538,379,0,0,13,2
"…...Gabaldon",239,161,0,0,8,1
"…...City of Gapan",960,759,2,1,39,18
"…...General Mamerto Natividad",309,197,0,0,8,0
"…...General Tinio",341,220,1,0,15,2
"…...Guimba",976,795,1,0,33,10
"…...Jaen",511,290,0,0,15,1
"…...Laur",234,150,2,1,7,0
"…...Licab",207,124,0,0,3,0
"…...Llanera",299,174,0,0,10,1
"…...Lupao",336,209,0,0,10,3
"…...Science City of Muńoz",688,428,0,0,17,4
"…...Nampicuan",101,64,0,0,0,0
"…...City of Palayan",348,194,0,0,10,2
"…...Pantabangan",195,146,1,0,4,1
"…...Peńaranda",260,166,1,0,8,2
"…...Quezon",285,176,0,0,5,0
"…...Rizal",494,315,1,1,5,0
"…...San Antonio",586,402,0,0,17,2
"…...San Isidro",430,338,1,1,10,3
"…...San Jose City",1166,1052,4,2,47,21
"…...San Leonardo",486,662,1,1,11,34
"…...Santa Rosa",535,276,0,0,15,2
"…...Santo Domingo",464,310,0,0,8,1
"…...Talavera",986,841,2,0,23,11
"…...Talugtug",178,97,0,0,2,0
"…...Zaragoza",360,192,0,0,10,1
"….PAMPANGA",15745,16559,35,42,295,342
"…...Apalit",768,636,4,0,10,3
"…...Arayat",951,816,2,1,20,7
"…...Bacolor",292,129,1,0,2,0
"…...Candaba",672,404,2,0,10,1
"…...Floridablanca",809,724,2,1,10,8
"…...Guagua",920,1047,0,1,9,10
"…...Lubao",1108,876,3,0,19,10
"…...Mabalacat City",1839,1458,3,1,44,24
"…...Macabebe",482,397,0,1,6,3
"…...Magalang",793,774,3,1,16,10
"…...Masantol",387,264,0,0,10,5
"…...Mexico",1133,666,4,0,28,8
"…...Minalin",333,168,0,0,3,1
"…...Porac",992,672,4,2,22,7
"…...City of San Fernando",2335,6322,4,34,51,238
"…...San Luis",335,252,0,0,9,1
"…...San Simon",347,222,1,0,6,1
"…...Santa Ana",372,230,1,0,8,2
"…...Santa Rita",362,217,0,0,4,2
"…...Sto. Tomas",310,184,0,0,6,1
"…...Sasmuan",205,101,1,0,2,0
"….TARLAC",11373,11344,22,22,359,367
"…...Anao",103,74,0,0,3,0
"…...Bamban",504,257,0,0,27,5
"…...Camiling",737,772,2,1,21,4
"…...Capas",1032,918,1,2,42,18
"…...Concepcion",1262,935,3,1,58,21
"…...Gerona",799,537,1,1,16,5
"…...La Paz",504,374,1,0,9,2
"…...Mayantoc",265,156,1,0,6,4
"…...Moncada",523,366,0,0,8,1
"…...Paniqui",811,661,0,0,17,1
"…...Pura",226,149,0,0,7,0
"…...Ramos",149,111,0,0,3,1
"…...San Clemente",122,70,3,1,0,0
"…...San Jose",251,145,0,0,4,0
"…...San Manuel",207,162,0,0,3,0
"…...Santa Ignacia",369,220,0,0,7,0
"…...City of Tarlac",2947,5102,8,15,113,304
"…...Victoria",562,335,2,1,15,1
"….ZAMBALES",4786,4225,20,17,152,131
"…...Botolan",514,291,3,0,32,7
"…...Cabangan",209,132,0,0,10,1
"…...Candelaria",237,380,2,4,2,11
"…...Castillejos",463,166,1,0,21,1
"…...Iba",389,1117,2,5,14,75
"…...Masinloc",379,183,1,1,12,3
"…...Palauig",326,153,1,0,6,0
"…...San Antonio",316,166,2,0,7,1
"…...San Felipe",200,123,0,0,7,1
"…...San Marcelino",292,688,2,4,8,21
"…...San Narciso",302,162,0,0,4,0
"…...Santa Cruz",452,371,4,1,15,9
"…...Subic",707,293,2,2,14,1
"….CITY OF ANGELES",3104,3149,4,1,98,68
"….CITY OF OLONGAPO",1883,2381,3,4,57,69
"REGION IV-A (CALABARZON)",105239,94899,307,261,3458,2784
"….BATANGAS",19493,20828,44,52,608,669
"…...Agoncillo",275,176,0,0,5,1
"…...Alitagtag",205,114,0,0,5,0
"…...Balayan",685,995,1,1,19,37
"…...Balete",135,98,0,0,7,2
"…...Batangas City",2478,5548,4,22,73,302
"…...Bauan",681,623,0,0,15,20
"…...City of Calaca",558,387,1,1,21,7
"…...Calatagan",395,319,0,0,10,5
"…...Cuenca",319,275,0,0,4,4
"…...Ibaan",386,271,0,0,11,3
"…...Laurel",243,191,0,0,10,5
"…...Lemery",663,1010,1,1,13,25
"…...Lian",396,200,2,0,12,0
"…...City of Lipa",2393,2592,5,6,100,83
"…...Lobo",326,257,1,1,9,6
"…...Mabini",348,264,0,0,5,2
"…...Malvar",376,200,2,0,13,3
"…...Mataasnakahoy",184,100,0,0,8,1
"…...Nasugbu",948,971,3,3,31,25
"…...Padre Garcia",332,221,2,0,16,3
"…...Rosario",851,824,1,2,30,38
"…...San Jose",530,539,4,3,15,11
"…...San Juan",782,649,1,1,13,8
"…...San Luis",285,172,0,0,11,2
"…...San Nicolas",141,83,0,0,3,1
"…...San Pascual",489,465,0,0,8,14
"…...Santa Teresita",137,72,0,0,2,1
"…...City of Sto. Tomas",1058,836,7,2,39,8
"…...Taal",435,320,1,0,6,2
"…...Talisay",323,308,2,1,11,10
"…...City of Tanauan",1393,1273,4,7,63,35
"…...Taysan",270,180,0,0,9,4
"…...Tingloy",112,74,1,1,2,0
"…...Tuy",361,221,1,0,9,1
"….CAVITE",26867,23135,66,56,883,620
"…...Alfonso",427,292,1,0,10,3
"…...Amadeo",312,193,1,0,10,2
"…...City of Bacoor",3858,2798,15,9,136,85
"…...City of Carmona",597,527,0,0,21,7
"…...City of Cavite",928,635,1,0,21,13
"…...City of Dasmarińas",4403,4509,13,9,122,107
"…...Gen. Mariano Alvarez",1115,716,2,0,39,11
"…...General Emilio Aguinaldo",158,95,1,0,5,2
"…...City of General Trias",2347,2023,4,6,98,48
"…...City of Imus",2723,2314,1,2,53,26
"…...Indang",574,366,0,0,12,2
"…...Kawit",747,790,0,4,18,17
"…...Magallanes",176,117,0,0,4,2
"…...Maragondon",320,183,2,0,7,0
"…...Mendez",274,322,0,0,3,4
"…...Naic",1240,937,5,1,57,18
"…...Noveleta",356,241,2,0,12,8
"…...Rosario",773,487,1,0,28,5
"…...Silang",1766,1357,2,1,59,27
"…...City of Tagaytay",501,631,0,0,16,15
"…...Tanza",1853,1411,6,0,86,33
"…...Ternate",188,116,0,0,9,4
"…...City of Trece Martires",1231,2075,9,24,57,181
"….LAGUNA",22168,19871,67,53,690,514
"…...Alaminos",344,196,1,0,7,1
"…...Bay",491,658,2,1,15,13
"…...City of Bińan",2315,2044,7,7,85,72
"…...City of Cabuyao",1933,1499,2,1,87,46
"…...City of Calamba",3268,2920,14,14,120,101
"…...Calauan",593,328,0,0,14,4
"…...Cavinti",170,107,1,0,4,1
"…...Famy",107,127,0,0,2,2
"…...Kalayaan",176,98,0,0,3,1
"…...Liliw",318,190,2,1,9,2
"…...Los Bańos",907,760,1,0,18,7
"…...Luisiana",169,181,0,1,2,4
"…...Lumban",256,168,0,0,4,0
"…...Mabitac",155,94,0,0,2,0
"…...Magdalena",176,103,0,0,6,1
"…...Majayjay",213,196,0,0,5,3
"…...Nagcarlan",462,380,2,0,11,4
"…...Paete",204,125,1,1,2,0
"…...Pagsanjan",328,215,0,0,10,2
"…...Pakil",152,348,0,1,1,7
"…...Pangil",177,96,1,0,2,1
"…...Pila",424,269,3,0,7,2
"…...Rizal",139,81,0,0,10,1
"…...City of San Pablo",2218,2396,7,6,67,68
"…...City of San Pedro",2284,1731,11,4,67,32
"…...Santa Cruz",987,1838,3,10,22,79
"…...Santa Maria",200,141,0,0,4,1
"…...City of Santa Rosa",2417,2217,8,6,93,58
"…...Siniloan",265,174,1,0,5,1
"…...Victoria",320,191,0,0,6,0
"….QUEZON",13295,10890,50,33,418,274
"…...Agdangan",97,54,0,0,4,1
"…...Alabat",138,166,0,2,3,7
"…...Atimonan",542,454,1,1,13,12
"…...Buenavista",196,113,2,0,9,5
"…...Burdeos",111,73,0,0,3,2
"…...Calauag",521,382,3,1,12,6
"…...Candelaria",946,1026,7,3,16,23
"…...Catanauan",499,480,1,2,23,24
"…...Dolores",221,149,0,0,5,2
"…...General Luna",184,111,0,0,4,0
"…...General Nakar",154,79,0,0,2,0
"…...Guinayangan",307,218,1,0,7,2
"…...Gumaca",486,589,2,3,14,21
"…...Infanta",464,569,1,2,13,18
"…...Jomalig",31,24,0,0,2,2
"…...Lopez",696,727,1,4,27,30
"…...Lucban",382,311,1,1,8,3
"…...Macalelon",181,109,1,0,4,2
"…...Mauban",492,377,3,2,21,13
"…...Mulanay",340,235,0,0,16,10
"…...Padre Burgos",177,102,0,0,8,4
"…...Pagbilao",535,314,2,0,14,1
"…...Panukulan",81,48,0,0,2,1
"…...Patnanungan",82,68,1,1,2,2
"…...Perez",84,41,0,0,2,0
"…...Pitogo",194,103,1,0,8,2
"…...Plaridel",101,49,1,0,3,0
"…...Polillo",205,186,1,0,6,6
"…...Quezon",121,60,1,0,8,1
"…...Real",225,106,1,0,12,2
"…...Sampaloc",106,72,0,0,5,1
"…...San Andres",225,176,1,0,7,3
"…...San Antonio",268,158,0,0,7,3
"…...San Francisco",328,270,4,3,7,4
"…...San Narciso",343,292,7,5,16,13
"…...Sariaya",1176,854,2,1,38,10
"…...Tagkawayan",366,278,0,0,17,10
"…...City of Tayabas",762,745,3,2,28,17
"…...Tiaong",730,483,1,0,18,4
"…...Unisan",198,239,0,0,4,7
"….RIZAL",20986,15966,69,38,731,463
"…...Angono",877,812,3,0,25,22
"…...City of Antipolo",5557,4042,19,12,207,125
"…...Baras",458,203,2,0,25,5
"…...Binangonan",2214,2146,5,3,78,66
"…...Cainta",2297,1674,8,2,64,30
"…...Cardona",448,285,1,2,14,2
"…...Jala-Jala",243,224,2,0,6,3
"…...Morong",571,859,0,4,23,53
"…...Pililla",465,301,0,0,12,4
"…...Rodriguez",2602,1833,8,6,117,74
"…...San Mateo",1670,974,8,3,61,22
"…...Tanay",912,624,4,1,24,8
"…...Taytay",2185,1698,7,5,67,41
"…...Teresa",487,291,2,0,8,8
"….CITY OF LUCENA",2430,4209,11,29,128,244
"MIMAROPA REGION",19395,18828,54,55,648,628
"….MARINDUQUE",1781,1612,3,2,50,44
"…...Boac",396,600,1,0,10,19
"…...Buenavista",164,110,0,0,6,5
"…...Gasan",232,153,0,0,6,1
"…...Mogpog",257,155,0,0,5,3
"…...Santa Cruz",474,388,0,0,16,10
"…...Torrijos",258,206,2,2,7,6
"….OCCIDENTAL MINDORO",3178,2970,12,11,117,111
"…...Abra de Ilog",170,108,1,1,15,6
"…...Calintaan",183,117,1,0,7,2
"…...Looc",49,34,0,0,1,0
"…...Lubang",155,137,0,0,2,2
"…...Magsaysay",232,157,0,1,2,2
"…...Mamburao",305,464,0,1,12,32
"…...Paluan",110,66,0,0,7,2
"…...Rizal",240,144,0,0,10,3
"…...Sablayan",566,534,3,2,14,17
"…...San Jose",934,1049,6,6,33,40
"…...Santa Cruz",234,160,1,0,14,5
"….ORIENTAL MINDORO",5895,5833,9,10,207,200
"…...Baco",276,164,0,0,16,5
"…...Bansud",273,178,0,0,9,0
"…...Bongabong",475,362,0,0,18,9
"…...Bulalacao",255,198,0,0,12,6
"…...City of Calapan",1019,2027,0,3,61,126
"…...Gloria",341,209,1,1,7,1
"…...Mansalay",325,194,1,0,11,4
"…...Naujan",718,482,3,1,9,1
"…...Pinamalayan",612,745,0,1,17,24
"…...Pola",255,151,0,0,11,0
"…...Puerto Galera",219,159,1,1,4,0
"…...Roxas",396,433,0,1,12,15
"…...San Teodoro",117,89,1,1,1,0
"…...Socorro",252,190,1,1,4,6
"…...Victoria",362,252,1,0,15,3
"….PALAWAN",4507,3823,21,20,129,93
"…...Aborlan",251,236,1,1,6,4
"…...Agutaya",69,53,1,1,0,0
"…...Araceli",62,45,0,0,0,0
"…...Balabac",36,27,0,0,0,0
"…...Bataraza",279,233,0,0,7,3
"…...Brooke's Point",440,490,1,2,16,23
"…...Busuanga",88,64,2,0,6,1
"…...Cagayancillo",27,20,0,0,0,0
"…...Coron",247,148,3,1,7,0
"…...Culion",78,204,0,4,4,16
"…...Cuyo",165,164,0,1,0,0
"…...Dr. Jose P. Rizal",190,145,0,0,6,4
"…...Dumaran",109,76,0,0,7,3
"…...El Nido",212,194,0,0,3,2
"…...Kalayaan",0,0,0,0,0,0
"…...Linapacan",54,35,0,0,0,0
"…...Magsaysay",86,59,1,0,0,0
"…...Narra",487,344,1,1,19,7
"…...Quezon",362,284,5,5,10,7
"…...Roxas",410,333,3,3,8,6
"…...San Vicente",186,136,0,0,3,1
"…...Sofronio Espańola",213,156,1,0,8,5
"…...Taytay",456,377,2,1,19,11
"….ROMBLON",2323,2216,5,5,85,83
"…...Alcantara",122,81,0,0,2,0
"…...Banton",57,50,0,0,0,0
"…...Cajidiocan",189,205,1,1,8,8
"…...Calatrava",58,25,0,0,3,0
"…...Concepcion",35,23,0,0,1,0
"…...Corcuera",80,63,0,0,2,0
"…...Ferrol",55,28,0,0,1,0
"…...Looc",219,207,0,0,8,7
"…...Magdiwang",101,70,0,0,3,2
"…...Odiongan",382,667,0,1,9,37
"…...Romblon",313,297,1,1,16,18
"…...San Agustin",183,138,0,0,11,4
"…...San Andres",114,81,0,0,5,2
"…...San Fernando",159,112,2,1,9,3
"…...San Jose",50,45,1,1,3,2
"…...Santa Fe",139,81,0,0,3,0
"…...Santa Maria",67,43,0,0,1,0
"….CITY OF PUERTO PRINCESA",1711,2374,4,7,60,97
"REGION V (BICOL REGION)",42874,42372,121,117,1464,1466
"….ALBAY",9943,10144,14,16,298,352
"…...Bacacay",559,326,0,0,14,0
"…...Camalig",541,301,3,1,15,3
"…...Daraga",960,2797,2,8,29,249
"…...Guinobatan",683,375,0,0,19,2
"…...Jovellar",119,55,0,0,5,0
"…...City of Legazpi",1517,1336,1,1,65,23
"…...Libon",548,358,0,1,14,5
"…...City of Ligao",849,1418,0,1,19,26
"…...Malilipot",273,142,0,0,7,1
"…...Malinao",316,178,0,0,9,2
"…...Manito",165,113,0,0,4,1
"…...Oas",469,283,2,2,16,3
"…...Pio Duran",335,269,2,0,8,5
"…...Polangui",689,406,1,0,20,6
"…...Rapu-Rapu",193,116,0,0,8,1
"…...Santo Domingo",298,152,0,0,10,0
"…...City of Tabaco",1026,1272,2,2,23,24
"…...Tiwi",403,247,1,0,13,1
"….CAMARINES NORTE",4548,4234,17,16,193,180
"…...Basud",292,150,0,0,13,0
"…...Capalonga",223,130,2,1,11,6
"…...Daet",840,2148,2,12,32,144
"…...Jose Panganiban",494,278,2,0,23,5
"…...Labo",805,465,3,0,39,8
"…...Mercedes",436,223,2,1,17,4
"…...Paracale",463,246,1,0,21,3
"…...San Lorenzo Ruiz",105,46,1,0,3,0
"…...San Vicente",80,47,1,0,3,1
"…...Santa Elena",278,214,2,2,11,4
"…...Talisay",206,89,1,0,7,1
"…...Vinzons",326,198,0,0,13,4
"….CAMARINES SUR",14487,14801,35,35,478,506
"…...Baao",450,246,0,0,12,1
"…...Balatan",212,136,0,0,8,5
"…...Bato",332,209,1,0,16,8
"…...Bombon",127,72,0,0,2,0
"…...Buhi",620,389,0,0,19,4
"…...Bula",514,317,0,0,19,4
"…...Cabusao",180,555,0,2,7,10
"…...Calabanga",621,360,2,0,18,4
"…...Camaligan",185,83,0,0,6,1
"…...Canaman",237,120,1,0,5,0
"…...Caramoan",304,246,1,0,14,8
"…...Del Gallego",165,101,0,0,7,1
"…...Gainza",75,41,0,0,1,0
"…...Garchitorena",152,107,1,0,6,3
"…...Goa",462,407,0,0,21,13
"…...City of Iriga",957,1029,2,2,28,21
"…...Lagonoy",397,239,1,0,17,6
"…...Libmanan",671,396,1,0,14,4
"…...Lupi",241,146,0,0,8,1
"…...Magarao",213,110,0,0,8,3
"…...Milaor",224,126,1,0,6,0
"…...Minalabac",357,201,2,0,11,1
"…...Nabua",710,568,1,1,15,8
"…...City of Naga",1632,5693,2,26,62,352
"…...Ocampo",384,250,2,1,12,6
"…...Pamplona",266,168,0,0,7,1
"…...Pasacao",299,187,2,0,7,4
"…...Pili",655,371,4,0,18,2
"…...Presentacion",138,88,1,0,2,1
"…...Ragay",414,293,0,0,7,2
"…...Sagńay",279,205,1,0,9,0
"…...San Fernando",248,139,0,0,8,1
"…...San Jose",337,275,0,0,13,8
"…...Sipocot",426,235,3,0,14,4
"…...Siruma",120,89,2,1,9,4
"…...Tigaon",392,265,1,0,20,6
"…...Tinambac",491,339,3,2,22,9
"….CATANDUANES",1918,1855,9,9,51,51
"…...Bagamanoc",73,41,1,0,1,1
"…...Baras",103,55,0,0,2,0
"…...Bato",181,121,3,1,3,0
"…...Caramoran",180,117,1,0,2,0
"…...Gigmoto",61,32,0,0,4,1
"…...Pandan",174,169,0,0,5,5
"…...Panganiban",53,27,0,0,1,0
"…...San Andres",284,225,2,0,8,2
"…...San Miguel",116,60,1,1,5,1
"…...Viga",144,122,0,0,0,0
"…...Virac",549,886,1,7,20,41
"….MASBATE",5873,5530,33,31,239,214
"…...Aroroy",479,389,4,0,18,13
"…...Baleno",157,106,1,0,7,3
"…...Balud",234,182,1,1,9,4
"…...Batuan",122,89,0,0,4,2
"…...Cataingan",377,354,0,0,12,12
"…...Cawayan",423,334,5,2,27,18
"…...Claveria",221,195,1,0,8,3
"…...Dimasalang",171,122,0,0,5,2
"…...Esperanza",139,107,1,0,6,3
"…...Mandaon",279,207,1,1,10,6
"…...City of Masbate",743,1539,6,24,47,121
"…...Milagros",361,248,2,1,19,6
"…...Mobo",245,161,1,0,6,1
"…...Monreal",148,96,2,0,8,2
"…...Palanas",219,164,1,0,7,0
"…...Pio V. Corpus",164,122,0,0,4,0
"…...Placer",375,282,3,0,12,6
"…...San Fernando",168,117,1,0,3,1
"…...San Jacinto",240,281,0,1,5,6
"…...San Pascual",229,175,1,0,6,1
"…...Uson",379,260,2,1,16,4
"….SORSOGON",6105,5808,13,10,205,163
"…...Barcelona",179,78,0,0,6,1
"…...Bulan",796,591,0,0,25,7
"…...Bulusan",210,101,0,0,7,0
"…...Casiguran",267,131,2,0,9,2
"…...Castilla",424,318,2,0,19,7
"…...Donsol",344,342,0,0,11,8
"…...Gubat",523,526,2,0,13,5
"…...Irosin",495,564,0,0,16,7
"…...Juban",219,101,0,0,5,1
"…...Magallanes",274,190,3,3,9,6
"…...Matnog",286,221,0,0,7,1
"…...Pilar",442,239,0,0,20,5
"…...Prieto Diaz",183,122,1,0,8,3
"…...Santa Magdalena",141,80,0,0,0,0
"…...City of Sorsogon",1322,2204,3,7,50,110
"REGION VI (WESTERN VISAYAS)",35180,35080,56,53,799,792
"….AKLAN",4413,4449,6,8,99,96
"…...Altavas",195,158,0,0,4,2
"…...Balete",191,116,0,0,4,1
"…...Banga",340,170,0,0,7,0
"…...Batan",291,169,0,0,5,0
"…...Buruanga",117,79,1,0,2,2
"…...Ibajay",416,347,0,0,9,5
"…...Kalibo",731,2165,1,8,19,77
"…...Lezo",122,64,0,0,2,0
"…...Libacao",148,87,0,0,3,2
"…...Madalag",126,91,0,0,3,0
"…...Makato",231,102,1,0,6,0
"…...Malay",275,217,0,0,8,2
"…...Malinao",208,129,1,0,1,0
"…...Nabas",253,159,0,0,6,0
"…...New Washington",336,169,0,0,10,3
"…...Numancia",248,117,1,0,5,0
"…...Tangalan",185,110,1,0,5,2
"….ANTIQUE",4542,4292,11,8,111,97
"…...Anini-y",197,131,0,0,6,2
"…...Barbaza",178,148,0,0,5,3
"…...Belison",112,68,0,0,2,0
"…...Bugasong",255,218,1,1,4,0
"…...Caluya",112,76,1,1,3,2
"…...Culasi",355,287,0,0,11,8
"…...Hamtic",366,219,0,0,10,2
"…...Laua-an",244,159,0,0,7,2
"…...Libertad",136,87,0,0,2,0
"…...Pandan",288,250,3,0,3,0
"…...Patnongon",319,222,0,0,6,2
"…...San Jose",519,1362,1,5,10,67
"…...San Remigio",211,134,1,0,10,2
"…...Sebaste",144,118,0,0,3,2
"…...Sibalom",477,346,2,1,13,1
"…...Tibiao",228,159,1,0,4,1
"…...Tobias Fornier",277,214,0,0,6,0
"…...Valderrama",124,94,1,0,6,3
"….CAPIZ",5845,5543,5,4,118,99
"…...Cuartero",244,136,0,0,5,2
"…...Dao",259,371,0,0,6,6
"…...Dumalag",240,137,0,0,1,1
"…...Dumarao",354,212,1,0,7,1
"…...Ivisan",241,141,0,0,8,3
"…...Jamindan",226,132,0,0,9,0
"…...Ma-ayon",274,138,0,0,6,1
"…...Mambusao",301,363,0,0,7,8
"…...Panay",370,192,0,0,7,0
"…...Panitan",313,181,0,0,1,0
"…...Pilar",343,195,0,0,6,2
"…...Pontevedra",367,529,2,0,9,13
"…...President Roxas",235,114,1,0,4,2
"…...City of Roxas",1307,2189,1,4,31,57
"…...Sapi-an",198,118,0,0,1,0
"…...Sigma",237,123,0,0,5,2
"…...Tapaz",336,272,0,0,5,1
"….GUIMARAS",1275,1139,2,1,28,20
"…...Buenavista",387,248,1,0,6,0
"…...Jordan",259,624,0,1,7,19
"…...Nueva Valencia",286,136,1,0,6,0
"…...San Lorenzo",196,82,0,0,4,0
"…...Sibunag",147,49,0,0,5,1
"….ILOILO",15416,12764,27,11,368,161
"…...Ajuy",402,186,1,0,12,0
"…...Alimodian",298,381,1,0,6,4
"…...Anilao",211,110,0,0,7,0
"…...Badiangan",219,113,0,0,3,0
"…...Balasan",231,524,0,2,3,16
"…...Banate",278,137,0,0,9,1
"…...Barotac Nuevo",403,842,0,0,12,21
"…...Barotac Viejo",304,392,0,0,9,3
"…...Batad",140,82,0,0,3,1
"…...Bingawan",123,45,1,0,4,1
"…...Cabatuan",502,548,0,1,11,5
"…...Calinog",456,498,1,1,17,15
"…...Carles",443,257,3,0,14,2
"…...Concepcion",299,149,1,0,5,4
"…...Dingle",398,232,0,0,7,0
"…...Dueńas",278,157,0,0,5,0
"…...Dumangas",603,402,0,0,13,1
"…...Estancia",378,203,0,0,9,1
"…...Guimbal",302,657,1,1,7,6
"…...Igbaras",295,178,0,0,7,2
"…...Janiuay",556,517,0,0,13,3
"…...Lambunao",563,478,1,0,13,9
"…...Leganes",256,123,1,0,12,1
"…...Lemery",220,117,1,0,10,0
"…...Leon",381,236,0,0,8,1
"…...Maasin",294,143,1,0,6,1
"…...Miagao",571,381,2,0,7,3
"…...Mina",156,90,0,0,1,0
"…...New Lucena",200,106,0,0,7,0
"…...Oton",708,384,0,0,15,0
"…...City of Passi",680,655,4,2,20,8
"…...Pavia",491,247,2,0,11,0
"…...Pototan",633,834,0,1,12,23
"…...San Dionisio",270,133,0,0,7,1
"…...San Enrique",240,112,1,0,6,0
"…...San Joaquin",426,390,2,2,8,2
"…...San Miguel",243,121,0,0,6,2
"…...San Rafael",139,62,0,0,2,0
"…...Santa Barbara",512,393,1,0,10,7
"…...Sara",435,694,1,1,12,15
"…...Tigbauan",518,269,0,0,7,0
"…...Tubungan",142,93,1,0,4,2
"…...Zarraga",219,93,0,0,8,0
"….CITY OF ILOILO",3689,6893,5,21,75,319
"NEGROS ISLAND REGION (NIR)",35628,35380,100,97,820,817
"….NEGROS OCCIDENTAL",19327,17038,53,40,430,374
"…...City of Bago",1369,1053,2,0,34,25
"…...Binalbagan",500,413,2,1,8,7
"…...City of Cadiz",1342,1391,2,3,26,31
"…...Calatrava",522,415,2,2,9,3
"…...Candoni",134,88,1,0,7,3
"…...Cauayan",716,582,1,1,16,9
"…...Enrique B. Magalona",488,254,1,1,3,0
"…...City of Escalante",816,756,3,3,17,15
"…...City of Himamaylan",934,866,3,2,27,21
"…...Hinigaran",694,553,0,0,19,9
"…...Hinoba-an",400,328,1,0,18,11
"…...Ilog",416,228,1,0,10,4
"…...Isabela",456,459,3,3,11,12
"…...City of Kabankalan",1318,1695,7,9,39,67
"…...City of La Carlota",560,648,0,0,7,9
"…...La Castellana",581,441,1,1,15,7
"…...Manapla",410,302,2,0,3,3
"…...Moises Padilla",294,208,1,0,7,3
"…...Murcia",644,401,2,0,18,5
"…...Pontevedra",409,242,1,0,7,2
"…...Pulupandan",221,127,1,0,2,1
"…...City of Sagay",1067,1004,3,3,27,27
"…...Salvador Benedicto",131,92,0,0,4,2
"…...City of San Carlos",886,931,4,3,11,15
"…...San Enrique",203,121,1,0,4,0
"…...City of Silay",1031,1422,0,4,25,47
"…...City of Sipalay",473,393,0,0,14,11
"…...City of Talisay",886,455,2,0,16,4
"…...Toboso",322,214,3,0,10,4
"…...Valladolid",340,453,1,2,4,14
"…...City of Victorias",764,503,2,2,12,3
"….NEGROS ORIENTAL",10552,10481,36,34,300,302
"…...Amlan",226,145,0,0,4,2
"…...Ayungon",375,250,4,2,12,4
"…...Bacong",345,248,0,0,10,2
"…...City of Bais",539,459,3,2,16,6
"…...Basay",191,123,0,0,10,2
"…...City of Bayawan",771,791,1,1,38,49
"…...Bindoy",273,264,1,2,12,12
"…...City of Canlaon",397,324,2,0,10,6
"…...Dauin",281,203,0,0,4,2
"…...City of Dumaguete",1203,2992,1,16,30,151
"…...City of Guihulngan",652,584,1,1,24,16
"…...Jimalalud",202,158,3,1,6,0
"…...La Libertad",268,211,2,1,11,5
"…...Mabinay",568,495,2,2,9,5
"…...Manjuyod",340,243,0,0,13,3
"…...Pamplona",302,210,0,0,6,1
"…...San Jose",193,127,0,0,7,1
"…...Santa Catalina",606,417,3,0,15,4
"…...Siaton",619,518,2,2,17,11
"…...Sibulan",445,469,0,0,5,6
"…...City of Tanjay",658,477,3,1,10,2
"…...Tayasan",258,184,3,1,8,3
"…...Valencia",303,209,0,0,10,3
"…...Vallehermoso",278,199,3,2,7,3
"…...Zamboanguita",259,181,2,0,6,3
"….SIQUIJOR",938,853,0,0,17,17
"…...Enrique Villanueva",68,46,0,0,0,0
"…...Larena",114,63,0,0,0,0
"…...Lazi",205,166,0,0,8,2
"…...Maria",128,92,0,0,1,0
"…...San Juan",168,100,0,0,2,0
"…...Siquijor",255,386,0,0,6,15
"….CITY OF BACOLOD",4811,7008,11,23,73,124
"REGION VII (CENTRAL VISAYAS)",44455,44961,148,152,1200,1201
"….BOHOL",10196,10101,16,16,212,208
"…...Alburquerque",79,62,0,0,0,0
"…...Alicia",191,135,1,0,2,0
"…...Anda",144,106,1,0,2,0
"…...Antequera",151,93,0,0,0,0
"…...Baclayon",166,88,0,0,2,0
"…...Balilihan",151,70,0,0,5,0
"…...Batuan",104,63,0,0,1,1
"…...Bien Unido",154,85,0,0,2,0
"…...Bilar",153,109,1,0,3,2
"…...Buenavista",209,135,1,0,6,1
"…...Calape",250,179,0,0,4,2
"…...Candijay",290,223,0,0,6,0
"…...Carmen",305,229,1,1,9,3
"…...Catigbian",154,131,0,0,1,1
"…...Clarin",166,120,0,0,5,0
"…...Corella",72,45,0,0,3,0
"…...Cortes",161,96,0,0,3,0
"…...Dagohoy",120,81,0,0,2,0
"…...Danao",100,56,0,0,4,1
"…...Dauis",332,189,0,0,9,2
"…...Dimiao",126,89,0,0,0,0
"…...Duero",167,111,0,0,2,0
"…...Garcia Hernandez",194,120,0,0,4,1
"…...Getafe",222,140,0,0,4,0
"…...Guindulman",270,186,0,0,3,0
"…...Inabanga",325,229,1,1,10,1
"…...Jagna",314,285,1,0,8,6
"…...Lila",111,57,0,0,3,0
"…...Loay",142,76,0,0,6,0
"…...Loboc",139,75,1,0,4,0
"…...Loon",408,271,0,0,7,0
"…...Mabini",230,166,1,0,2,0
"…...Maribojoc",149,114,0,0,2,1
"…...Panglao",267,159,1,0,6,0
"…...Pilar",193,127,0,0,6,1
"…...President Carlos P. Garcia",166,132,1,1,0,0
"…...Sagbayan",171,118,0,0,1,0
"…...San Isidro",79,50,0,0,0,0
"…...San Miguel",179,109,0,0,7,2
"…...Sevilla",94,61,0,0,4,0
"…...Sierra Bullones",149,107,0,0,1,1
"…...Sikatuna",56,37,0,0,2,0
"…...City of Tagbilaran",766,3204,0,10,16,147
"…...Talibon",430,436,2,1,17,5
"…...Trinidad",241,127,0,0,4,0
"…...Tubigon",373,266,3,1,6,1
"…...Ubay",591,783,0,1,16,29
"…...Valencia",192,171,0,0,2,0
"….CEBU",22128,19395,73,46,643,489
"…...Alcantara",117,73,1,0,3,1
"…...Alcoy",123,78,1,0,6,3
"…...Alegria",220,119,0,0,7,2
"…...Aloguinsan",225,130,0,0,8,1
"…...Argao",594,615,0,0,6,7
"…...Asturias",351,248,3,1,6,2
"…...Badian",304,393,1,0,7,12
"…...Balamban",605,760,3,4,16,22
"…...Bantayan",593,669,1,0,19,22
"…...Barili",559,568,2,1,17,10
"…...City of Bogo",653,998,1,5,21,53
"…...Boljoon",150,96,0,0,2,1
"…...Borbon",312,202,1,0,8,2
"…...City of Carcar",963,1133,4,4,26,51
"…...Carmen",342,204,2,0,13,3
"…...Catmon",237,153,1,0,9,0
"…...Compostela",359,193,1,0,10,1
"…...Consolacion",775,517,3,1,20,5
"…...Cordova",427,227,3,1,15,0
"…...Daanbantayan",669,571,1,0,17,5
"…...Dalaguete",499,366,1,1,15,7
"…...Danao City",987,1280,5,6,41,56
"…...Dumanjug",376,245,1,0,14,7
"…...Ginatilan",131,85,0,0,5,2
"…...Liloan",882,428,1,0,25,1
"…...Madridejos",274,137,0,0,13,2
"…...Malabuyoc",149,258,0,0,2,6
"…...Medellin",438,318,1,1,6,2
"…...Minglanilla",888,699,1,0,14,7
"…...Moalboal",271,168,1,0,7,1
"…...City of Naga",859,826,4,0,49,36
"…...Oslob",238,252,0,1,4,3
"…...Pilar",101,86,0,0,0,0
"…...Pinamungajan",444,381,2,0,14,6
"…...Poro",189,99,1,0,4,0
"…...Ronda",175,127,0,0,1,0
"…...Samboan",157,94,1,0,5,1
"…...San Fernando",444,262,1,0,10,0
"…...San Francisco",407,486,1,1,13,16
"…...San Remigio",428,264,1,0,9,2
"…...Santa Fe",220,138,1,0,8,4
"…...Santander",126,95,1,0,3,0
"…...Sibonga",352,282,1,0,12,2
"…...Sogod",278,357,1,1,6,11
"…...Tabogon",289,166,1,0,7,2
"…...Tabuelan",208,142,2,1,6,3
"…...City of Talisay",1766,1806,6,13,65,77
"…...City of Toledo",1338,1079,6,3,40,26
"…...Tuburan",540,488,3,1,7,6
"…...Tudela",96,34,0,0,2,0
"….CITY OF CEBU",7351,10180,45,77,174,334
"….CITY OF LAPU-LAPU",2694,2623,6,6,99,75
"….CITY OF MANDAUE",2086,2662,8,7,72,95
"REGION VIII (EASTERN VISAYAS)",30263,29879,78,74,562,557
"….BILIRAN",1294,1196,2,1,38,36
"…...Almeria",123,67,1,0,4,0
"…...Biliran",120,68,0,0,6,2
"…...Cabucgayan",162,91,0,0,2,0
"…...Caibiran",161,104,0,0,5,1
"…...Culaba",84,58,0,0,3,1
"…...Kawayan",154,104,0,0,4,3
"…...Maripipi",76,61,0,0,0,0
"…...Naval",414,643,1,1,14,29
"….EASTERN SAMAR",3270,2963,13,9,53,47
"…...Arteche",97,76,0,0,1,0
"…...Balangiga",107,106,0,0,2,1
"…...Balangkayan",63,35,0,0,0,0
"…...City of Borongan",494,708,2,3,10,24
"…...Can-avid",136,91,0,0,3,2
"…...Dolores",258,212,5,4,5,4
"…...General MacArthur",91,73,0,0,1,0
"…...Giporlos",98,58,0,0,1,0
"…...Guiuan",324,346,1,1,3,2
"…...Hernani",68,38,0,0,1,0
"…...Jipapad",34,26,0,0,2,1
"…...Lawaan",89,60,0,0,0,0
"…...Llorente",154,122,0,0,2,0
"…...Maslog",18,13,0,0,1,1
"…...Maydolong",91,52,0,0,3,1
"…...Mercedes",54,30,0,0,1,1
"…...Oras",312,377,1,1,2,5
"…...Quinapondan",91,68,0,0,2,2
"…...Salcedo",152,110,2,0,3,2
"…...San Julian",120,71,0,0,3,0
"…...San Policarpo",109,72,1,0,2,0
"…...Sulat",146,103,0,0,2,1
"…...Taft",164,116,1,0,3,0
"….LEYTE",12175,10804,20,15,207,162
"…...Abuyog",424,426,0,0,2,6
"…...Alangalang",343,207,1,0,3,0
"…...Albuera",379,286,1,1,7,2
"…...Babatngon",157,117,0,0,1,1
"…...Barugo",221,156,0,0,5,0
"…...Bato",278,197,0,0,3,0
"…...City of Baybay",880,868,2,2,7,10
"…...Burauen",354,292,0,0,4,6
"…...Calubian",234,202,1,0,3,2
"…...Capoocan",218,150,1,0,1,0
"…...Carigara",372,338,0,1,6,6
"…...Dagami",246,147,0,0,4,1
"…...Dulag",327,228,1,0,5,1
"…...Hilongos",484,532,0,0,15,16
"…...Hindang",180,128,0,0,0,0
"…...Inopacan",171,130,0,0,4,4
"…...Isabel",318,253,0,0,3,1
"…...Jaro",248,153,0,0,4,0
"…...Javier",170,129,0,0,7,4
"…...Julita",107,61,0,0,2,1
"…...Kananga",354,268,0,0,7,1
"…...La Paz",130,87,0,0,2,0
"…...Leyte",244,182,0,0,3,2
"…...MacArthur",170,114,0,0,3,0
"…...Mahaplag",225,154,0,0,1,0
"…...Matag-ob",136,101,0,0,7,2
"…...Matalom",279,218,0,0,4,2
"…...Mayorga",105,77,0,0,2,0
"…...Merida",228,168,0,0,5,0
"…...Ormoc City",1507,1986,4,5,28,49
"…...Palo",433,790,3,4,10,24
"…...Palompon",459,417,1,1,11,10
"…...Pastrana",127,73,1,0,3,0
"…...San Isidro",211,173,0,0,3,0
"…...San Miguel",136,85,0,0,6,2
"…...Santa Fe",132,72,0,0,1,0
"…...Tabango",233,194,1,0,6,4
"…...Tabontabon",82,56,1,0,2,0
"…...Tanauan",370,225,1,0,7,2
"…...Tolosa",143,95,0,0,3,1
"…...Tunga",39,25,0,0,0,0
"…...Villaba",321,244,1,1,7,2
"….NORTHERN SAMAR",3916,3720,24,23,111,108
"…...Allen",207,242,0,0,8,11
"…...Biri",71,47,0,0,2,1
"…...Bobon",174,82,1,0,3,2
"…...Capul",98,85,1,0,3,2
"…...Catarman",602,1387,3,18,31,68
"…...Catubig",186,142,0,1,6,6
"…...Gamay",141,137,0,1,1,1
"…...Laoang",391,314,3,0,5,3
"…...Lapinig",36,22,0,0,0,0
"…...Las Navas",144,98,2,1,3,1
"…...Lavezares",198,129,3,0,3,2
"…...Lope de Vega",104,63,1,0,5,3
"…...Mapanas",72,47,1,0,3,1
"…...Mondragon",258,147,0,0,6,0
"…...Palapag",232,157,0,0,3,1
"…...Pambujan",191,137,3,0,3,1
"…...Rosario",56,23,0,0,1,0
"…...San Antonio",65,56,0,0,1,0
"…...San Isidro",188,112,0,0,6,3
"…...San Jose",133,65,1,0,7,1
"…...San Roque",161,91,3,2,3,0
"…...San Vicente",48,38,0,0,1,1
"…...Silvino Lobos",60,36,2,0,0,0
"…...Victoria",100,63,0,0,7,0
"….SAMAR",4864,4472,12,8,79,67
"…...Almagro",68,44,0,0,1,0
"…...Basey",349,324,2,0,3,3
"…...City of Calbayog",1314,1443,2,2,25,27
"…...Calbiga",151,109,0,0,2,2
"…...City of Catbalogan",656,945,2,3,14,21
"…...Daram",218,173,0,0,1,0
"…...Gandara",217,172,1,1,6,4
"…...Hinabangan",77,45,0,0,0,0
"…...Jiabong",110,65,0,0,2,0
"…...Marabut",92,64,0,0,0,0
"…...Matuguinao",24,18,0,0,0,0
"…...Motiong",87,57,1,1,1,2
"…...Pagsanghan",53,34,0,0,0,0
"…...Paranas",195,112,0,0,5,0
"…...Pinabacdao",105,76,0,0,1,0
"…...San Jorge",104,72,1,1,1,1
"…...San Jose de Buan",23,16,0,0,1,0
"…...San Sebastian",40,31,0,0,0,0
"…...Santa Margarita",163,98,0,0,0,0
"…...Santa Rita",197,136,2,0,3,2
"…...Santo Nińo",100,76,0,0,2,1
"…...Tagapul-an",50,38,0,0,0,0
"…...Talalora",55,40,0,0,1,1
"…...Tarangnan",160,103,0,0,3,1
"…...Villareal",154,112,0,0,6,2
"…...Zumarraga",102,69,1,0,1,0
"….SOUTHERN LEYTE",3308,3193,3,1,44,40
"…...Anahawan",64,151,0,0,0,2
"…...Bontoc",222,139,1,0,4,0
"…...Hinunangan",230,168,0,0,2,1
"…...Hinundayan",107,94,0,0,0,0
"…...Libagon",125,89,0,0,1,0
"…...Liloan",170,138,1,0,2,1
"…...Limasawa",46,31,0,0,1,0
"…...City of Maasin",706,888,1,0,9,20
"…...Macrohon",245,160,0,0,1,0
"…...Malitbog",184,139,0,0,3,0
"…...Padre Burgos",98,73,0,0,1,0
"…...Pintuyan",71,60,0,0,2,0
"…...Saint Bernard",189,117,0,0,5,2
"…...San Francisco",112,79,0,0,1,0
"…...San Juan",113,74,0,0,0,0
"…...San Ricardo",78,55,0,0,0,0
"…...Silago",96,63,0,0,0,0
"…...Sogod",328,586,0,1,8,14
"…...Tomas Oppus",124,89,0,0,4,0
"….CITY OF TACLOBAN",1436,3531,4,17,30,97
"REGION IX (ZAMBOANGA PENINSULA)",24331,23765,84,83,668,646
"….SULU",741,718,17,17,61,59
"…...Hadji Panglima Tahil",0,0,0,0,0,0
"…...Indanan",148,141,0,0,4,4
"…...Jolo",387,403,11,12,41,47
"…...Kalingalan Caluang",7,5,0,0,1,0
"…...Lugus",2,0,0,0,0,0
"…...Luuk",4,4,0,0,1,0
"…...Maimbung",42,46,3,3,6,5
"…...Old Panamao",11,9,0,1,0,0
"…...Omar",26,25,0,0,1,0
"…...Pandami",6,5,0,0,0,0
"…...Panglima Estino",2,0,1,0,0,0
"…...Pangutaran",22,20,2,1,3,3
"…...Parang",7,3,0,0,0,0
"…...Pata",3,0,0,0,0,0
"…...Patikul",24,17,0,0,2,0
"…...Siasi",39,39,0,0,0,0
"…...Talipao",7,0,0,0,2,0
"…...Tapul",3,1,0,0,0,0
"…...Tongkil",1,0,0,0,0,0
"….ZAMBOANGA DEL NORTE",6515,6235,14,16,127,110
"…...Baliguian",78,60,0,0,2,0
"…...City of Dapitan",735,848,1,1,15,28
"…...City of Dipolog",1288,1939,1,10,25,41
"…...Godod",42,22,0,0,0,0
"…...Gutalac",143,82,1,0,4,0
"…...Jose Dalman",166,123,0,0,5,3
"…...Kalawit",83,51,0,0,3,1
"…...Katipunan",297,220,0,0,6,1
"…...La Libertad",59,35,1,0,1,0
"…...Labason",264,249,1,1,4,4
"…...Leon T. Postigo",141,103,0,0,1,0
"…...Liloy",316,327,2,1,4,4
"…...Manukan",256,216,2,0,3,4
"…...Mutia",73,45,0,0,2,2
"…...Pińan",132,122,0,0,1,0
"…...Polanco",287,160,1,0,5,1
"…...Pres. Manuel A. Roxas",233,166,0,0,5,4
"…...Rizal",128,85,0,0,3,0
"…...Salug",233,140,0,0,4,1
"…...Sergio Osmeńa Sr.",169,117,0,0,2,0
"…...Siayan",147,120,0,0,5,2
"…...Sibuco",112,76,1,0,3,0
"…...Sibutad",140,110,0,0,1,0
"…...Sindangan",666,564,1,0,12,11
"…...Siocon",163,148,2,3,4,2
"…...Sirawai",51,34,0,0,3,0
"…...Tampilisan",113,73,0,0,4,1
"….ZAMBOANGA DEL SUR",6072,5699,17,15,111,79
"…...Aurora",361,256,0,0,6,2
"…...Bayog",164,130,1,1,3,1
"…...Dimataling",160,122,0,0,1,1
"…...Dinas",151,113,0,0,1,0
"…...Dumalinao",197,131,1,0,2,0
"…...Dumingag",260,171,2,1,4,1
"…...Guipos",140,95,0,0,4,0
"…...Josefina",70,56,0,0,2,1
"…...Kumalarang",133,90,2,0,4,1
"…...Labangan",254,173,0,0,4,0
"…...Lakewood",95,63,0,0,5,1
"…...Lapuyan",158,103,1,1,2,0
"…...Mahayag",296,218,2,1,8,0
"…...Margosatubig",282,761,1,3,4,26
"…...Midsalip",175,124,0,0,2,0
"…...Molave",343,249,1,0,6,3
"…...City of Pagadian",1220,1727,1,7,21,35
"…...Pitogo",157,119,1,0,2,0
"…...Ramon Magsaysay",214,144,1,0,5,1
"…...San Miguel",111,65,0,0,1,0
"…...San Pablo",141,109,1,0,0,0
"…...Sominot",95,73,1,1,1,0
"…...Tabina",147,97,0,0,1,1
"…...Tambulig",208,136,0,0,11,2
"…...Tigbao",132,99,1,0,3,0
"…...Tukuran",253,174,0,0,5,2
"…...Vincenzo A. Sagun",155,101,0,0,3,1
"….ZAMBOANGA SIBUGAY",3529,3172,13,6,67,57
"…...Alicia",161,138,1,0,3,2
"…...Buug",258,190,0,0,3,0
"…...Diplahan",169,138,1,1,4,2
"…...Imelda",155,119,2,0,3,1
"…...Ipil",562,900,1,4,17,36
"…...Kabasalan",331,250,1,0,11,4
"…...Mabuhay",88,57,1,0,0,0
"…...Malangas",196,152,3,0,5,4
"…...Naga",272,180,0,0,4,1
"…...Olutanga",105,117,0,0,0,0
"…...Payao",145,93,0,0,0,0
"…...Roseller Lim",246,222,1,1,2,1
"…...Siay",231,163,1,0,3,1
"…...Talusan",70,57,0,0,0,0
"…...Titay",302,221,0,0,9,4
"…...Tungawan",238,175,1,0,3,1
"….CITY OF ISABELA",533,600,3,4,8,19
"….CITY OF ZAMBOANGA",6941,7341,20,25,294,322
"REGION X (NORTHERN MINDANAO)",32038,32292,93,90,1069,1102
"….BUKIDNON",9453,8731,36,35,410,368
"…...Baungon",228,130,0,0,16,7
"…...Cabanglasan",203,132,1,0,9,3
"…...Damulog",179,79,1,0,7,2
"…...Dangcagan",184,70,0,0,5,0
"…...Don Carlos",501,464,0,0,21,13
"…...Impasug-ong",296,174,2,0,13,1
"…...Kadingilan",202,103,0,0,7,1
"…...Kalilangan",257,217,2,1,12,5
"…...Kibawe",280,604,1,3,7,29
"…...Kitaotao",276,145,2,0,11,2
"…...Lantapan",398,238,0,0,21,5
"…...Libona",298,172,1,0,12,4
"…...City of Malaybalay",1263,1733,2,12,62,111
"…...Malitbog",168,133,0,0,9,5
"…...Manolo Fortich",673,573,0,1,26,21
"…...Maramag",746,1153,4,5,27,88
"…...Pangantucan",337,217,1,0,17,7
"…...Quezon",713,520,3,3,37,17
"…...San Fernando",318,228,3,2,9,4
"…...Sumilao",171,113,3,0,7,4
"…...Talakag",342,263,4,4,8,3
"…...City of Valencia",1420,1270,6,4,67,36
"….CAMIGUIN",700,635,0,0,17,14
"…...Catarman",135,82,0,0,3,1
"…...Guinsiliban",36,15,0,0,2,1
"…...Mahinog",114,53,0,0,3,0
"…...Mambajao",330,445,0,0,5,12
"…...Sagay",85,40,0,0,4,0
"….LANAO DEL NORTE",2903,2447,8,3,57,40
"…...Bacolod",157,115,0,0,1,0
"…...Baloi",72,51,1,1,3,1
"…...Baroy",174,337,0,0,6,17
"…...Kapatagan",384,388,2,0,6,13
"…...Kauswagan",149,113,2,0,3,1
"…...Kolambugan",191,172,0,0,1,0
"…...Lala",519,408,1,1,9,1
"…...Linamon",129,71,0,0,2,0
"…...Magsaysay",44,26,0,0,2,1
"…...Maigo",181,103,1,1,5,1
"…...Matungao",20,18,0,0,1,0
"…...Munai",19,20,0,0,0,0
"…...Nunungan",6,4,0,0,0,0
"…...Pantao Ragat",29,27,0,0,0,0
"…...Pantar",39,36,0,0,0,0
"…...Poona Piagapo",17,15,0,0,0,0
"…...Salvador",127,76,0,0,2,2
"…...Sapad",83,64,0,0,2,1
"…...Sultan Naga Dimaporo",163,114,0,0,8,0
"…...Tagoloan",20,17,0,0,1,1
"…...Tangcal",9,7,0,0,1,0
"…...Tubod",371,265,1,0,4,1
"….MISAMIS OCCIDENTAL",5006,5521,12,14,132,168
"…...Aloran",249,119,1,0,7,0
"…...Baliangao",138,68,1,0,4,0
"…...Bonifacio",223,151,0,0,5,0
"…...Calamba",228,247,0,0,4,2
"…...Clarin",291,151,1,0,8,2
"…...Concepcion",24,17,0,0,1,1
"…...Don Victoriano Chiongbian",51,38,2,1,2,1
"…...Jimenez",246,188,1,0,1,1
"…...Lopez Jaena",243,128,0,0,7,0
"…...City of Oroquieta",711,972,0,1,13,23
"…...City of Ozamiz",1088,2438,2,10,34,128
"…...Panaon",96,52,0,0,3,0
"…...Plaridel",367,239,1,0,10,6
"…...Sapang Dalaga",164,80,2,1,4,0
"…...Sinacaban",170,94,0,0,2,0
"…...City of Tangub",481,375,1,1,20,3
"…...Tudela",236,164,0,0,7,1
"….MISAMIS ORIENTAL",6542,4814,13,6,216,110
"…...Alubijid",224,236,0,0,8,10
"…...Balingasag",524,553,1,2,16,15
"…...Balingoan",72,25,0,0,0,0
"…...Binuangan",59,22,0,0,0,0
"…...Claveria",246,165,1,0,3,1
"…...City of El Salvador",379,218,0,0,18,3
"…...City of Gingoog",900,807,2,2,45,28
"…...Gitagum",141,88,0,0,4,0
"…...Initao",310,303,1,0,13,12
"…...Jasaan",419,311,1,0,10,3
"…...Kinoguitan",102,47,0,0,6,0
"…...Lagonglong",172,80,1,0,9,1
"…...Laguindingan",216,110,0,0,6,0
"…...Libertad",101,48,0,0,2,0
"…...Lugait",148,68,1,0,6,1
"…...Magsaysay",198,146,0,0,5,3
"…...Manticao",242,227,0,0,6,4
"…...Medina",256,194,0,0,3,4
"…...Naawan",175,79,0,0,6,0
"…...Opol",377,207,1,0,5,3
"…...Salay",217,119,0,0,3,1
"…...Sugbongcogon",68,33,0,0,2,0
"…...Tagoloan",521,367,3,2,23,9
"…...Talisayan",195,213,0,0,6,9
"…...Villanueva",280,148,1,0,11,3
"….CITY OF CAGAYAN DE ORO",4831,7536,14,22,139,299
"….CITY OF ILIGAN",2603,2608,10,10,98,103
"REGION XI (DAVAO REGION)",35377,36578,79,86,1014,1078
"….DAVAO DE ORO",5238,3629,13,6,179,49
"…...Compostela",613,315,0,0,18,1
"…...Laak",445,335,3,2,23,10
"…...Mabini",336,169,2,0,9,0
"…...Maco",655,386,3,0,21,3
"…...Maragusan",380,267,1,1,23,10
"…...Mawab",316,191,0,0,8,0
"…...Monkayo",654,354,1,0,20,2
"…...Montevista",275,519,0,2,14,11
"…...Nabunturan",604,375,1,0,10,0
"…...New Bataan",331,182,1,0,8,1
"…...Pantukan",629,536,1,1,25,11
"….DAVAO DEL NORTE",7629,10414,16,27,255,456
"…...Asuncion",417,220,0,0,14,1
"…...Braulio E. Dujali",184,270,0,0,4,0
"…...Carmen",648,503,2,0,26,9
"…...Kapalong",519,488,3,2,17,9
"…...New Corella",371,215,1,0,8,0
"…...City of Panabo",1377,965,1,1,48,10
"…...Island Garden City of Samal",920,739,3,2,23,11
"…...San Isidro",187,117,1,0,6,4
"…...Santo Tomas",811,472,1,0,24,3
"…...City of Tagum",2052,6333,3,22,75,400
"…...Talaingod",143,92,1,0,10,9
"….DAVAO DEL SUR",4935,4816,7,6,142,127
"…...Bansalan",477,445,0,0,11,9
"…...City of Digos",1371,2258,2,5,46,103
"…...Hagonoy",435,267,0,0,11,1
"…...Kiblawan",283,197,1,0,6,0
"…...Magsaysay",395,274,0,0,11,2
"…...Malalag",348,250,0,0,9,1
"…...Matanao",404,273,1,0,10,1
"…...Padada",272,251,2,0,7,3
"…...Santa Cruz",678,433,1,1,23,5
"…...Sulop",272,168,0,0,8,2
"….DAVAO OCCIDENTAL",1680,1385,4,2,41,22
"…...Don Marcelino",253,190,0,0,11,4
"…...Jose Abad Santos",176,113,1,1,3,2
"…...Malita",741,697,2,1,19,14
"…...Santa Maria",408,293,1,0,8,2
"…...Sarangani",102,92,0,0,0,0
"….DAVAO ORIENTAL",4145,3405,9,7,89,46
"…...Baganga",426,334,0,0,7,2
"…...Banaybanay",345,166,0,0,13,0
"…...Boston",92,62,0,0,2,2
"…...Caraga",270,161,0,0,4,1
"…...Cateel",304,227,0,0,6,5
"…...Governor Generoso",436,298,0,0,14,3
"…...Lupon",463,410,0,0,9,6
"…...Manay",279,194,2,0,4,1
"…...City of Mati",1083,1299,5,7,20,25
"…...San Isidro",293,177,1,0,9,1
"…...Tarragona",154,77,1,0,1,0
"….CITY OF DAVAO",11750,12929,30,38,308,378
"REGION XII (SOCCSKSARGEN)",26883,26222,84,77,614,586
"….COTABATO",9010,8521,38,31,185,164
"…...Alamada",347,267,4,1,3,2
"…...Aleosan",268,209,1,1,10,4
"…...Antipas",193,202,0,0,1,1
"…...Arakan",247,167,1,0,4,1
"…...Banisilan",224,176,1,0,5,1
"…...Carmen",517,451,4,3,20,14
"…...Kabacan",607,635,6,5,21,16
"…...City of Kidapawan",1135,1639,4,11,20,46
"…...Libungan",425,437,2,1,3,6
"…...Magpet",328,202,2,0,4,1
"…...Makilala",595,470,0,0,9,5
"…...Matalam",581,406,2,0,13,5
"…...Midsayap",953,1055,1,5,19,28
"…...M'lang",762,741,1,1,12,10
"…...Pigkawayan",427,283,0,0,6,2
"…...Pikit",637,575,4,2,19,13
"…...President Roxas",328,250,3,0,6,3
"…...Tulunan",436,356,2,1,10,6
"….SARANGANI",3021,2650,9,5,45,32
"…...Alabel",461,529,0,2,9,13
"…...Glan",571,507,2,1,11,5
"…...Kiamba",376,363,1,0,3,2
"…...Maasim",322,258,4,1,2,1
"…...Maitum",265,224,0,0,6,3
"…...Malapatan",420,275,0,0,7,4
"…...Malungon",606,494,2,1,7,4
"….SOUTH COTABATO",6803,6506,22,19,183,168
"…...Banga",702,421,2,0,14,3
"…...City of Koronadal",1520,2553,3,11,40,120
"…...Lake Sebu",365,239,4,0,8,1
"…...Norala",413,408,0,0,15,7
"…...Polomolok",1183,902,1,1,40,16
"…...Santo Nińo",309,197,1,0,2,1
"…...Surallah",685,718,2,4,15,10
"…...Tampakan",268,158,1,0,8,2
"…...Tantangan",328,196,0,0,8,1
"…...T'boli",482,323,5,1,20,6
"…...Tupi",548,391,3,2,13,1
"….SULTAN KUDARAT",4122,4037,7,10,94,90
"…...Bagumbayan",432,257,0,0,7,1
"…...Columbio",158,120,0,0,2,1
"…...Esperanza",417,346,1,0,13,1
"…...Isulan",644,1209,1,6,20,63
"…...Kalamansig",213,142,0,0,0,0
"…...Lambayong",370,269,0,0,4,0
"…...Lebak",407,385,0,0,5,5
"…...Lutayan",115,69,0,0,5,0
"…...Palimbang",161,121,0,0,2,1
"…...President Quirino",285,204,1,0,5,0
"…...Sen. Ninoy Aquino",193,132,0,0,6,3
"…...City of Tacurong",727,783,4,4,25,15
"….CITY OF GENERAL SANTOS",3927,4508,8,12,107,132
"REGION XIII (Caraga)",18014,17014,59,54,444,384
"….AGUSAN DEL NORTE",2519,1879,8,2,49,21
"…...Buenavista",465,267,0,0,9,3
"…...City of Cabadbaran",511,538,3,2,7,6
"…...Carmen",171,91,1,0,7,0
"…...Jabonga",174,141,0,0,3,4
"…...Kitcharao",115,95,0,0,1,1
"…...Las Nieves",172,114,1,0,1,1
"…...Magallanes",151,91,1,0,0,0
"…...Nasipit",355,350,0,0,8,5
"…...Remedios T. Romualdez",121,62,1,0,5,0
"…...Santiago",119,49,0,0,6,1
"…...Tubay",165,81,1,0,2,0
"….AGUSAN DEL SUR",4089,3595,14,10,112,78
"…...City of Bayugan",626,518,3,1,11,5
"…...Bunawan",239,393,0,0,8,14
"…...Esperanza",313,223,2,2,12,1
"…...La Paz",143,113,1,0,3,3
"…...Loreto",218,184,1,0,12,7
"…...Prosperidad",528,915,1,6,11,31
"…...Rosario",288,136,0,0,14,1
"…...San Francisco",473,274,2,1,13,3
"…...San Luis",178,115,0,0,5,2
"…...Santa Josefa",149,74,1,0,1,1
"…...Sibagat",176,107,2,0,5,1
"…...Talacogon",220,230,0,0,8,8
"…...Trento",358,205,1,0,8,1
"…...Veruela",180,108,0,0,1,0
"….DINAGAT ISLANDS",841,641,1,0,15,6
"…...Basilisa",146,94,0,0,3,0
"…...Cagdianao",112,68,0,0,1,1
"…...Dinagat",116,160,0,0,4,1
"…...Libjo",124,98,0,0,2,2
"…...Loreto",85,85,1,0,0,0
"…...San Jose",221,119,0,0,5,2
"…...Tubajon",37,17,0,0,0,0
"….SURIGAO DEL NORTE",3601,3771,15,15,86,92
"…...Alegria",103,37,3,0,2,0
"…...Bacuag",101,49,0,0,2,0
"…...Burgos",32,19,0,0,1,0
"…...Claver",225,114,2,0,9,2
"…...Dapa",226,329,1,1,10,12
"…...Del Carmen",135,66,0,0,7,2
"…...General Luna",134,58,0,0,1,0
"…...Gigaquit",161,106,0,0,3,0
"…...Mainit",216,118,0,0,4,0
"…...Malimono",148,105,0,0,0,0
"…...Pilar",76,38,1,0,1,0
"…...Placer",213,278,2,0,3,2
"…...San Benito",39,18,0,0,2,0
"…...San Francisco",114,57,0,0,1,0
"…...San Isidro",55,26,0,0,1,0
"…...Santa Monica",57,44,1,1,3,1
"…...Sison",96,52,0,0,0,0
"…...Socorro",140,102,1,0,8,2
"…...City of Surigao",1076,2026,2,13,19,71
"…...Tagana-an",142,78,1,0,7,0
"…...Tubod",112,51,1,0,2,0
"….SURIGAO DEL SUR",4541,4213,16,15,130,116
"…...Barobo",359,231,1,1,10,5
"…...Bayabas",56,30,0,0,2,0
"…...City of Bislig",758,725,1,2,26,18
"…...Cagwait",176,93,0,0,4,0
"…...Cantilan",287,138,4,0,4,0
"…...Carmen",107,52,0,0,2,0
"…...Carrascal",166,118,1,0,6,1
"…...Cortes",139,91,1,0,4,0
"…...Hinatuan",311,256,0,0,6,2
"…...Lanuza",104,59,0,0,0,0
"…...Lianga",246,224,1,1,14,10
"…...Lingig",251,175,3,1,11,6
"…...Madrid",143,230,0,1,2,7
"…...Marihatag",139,201,0,0,5,9
"…...San Agustin",143,69,0,0,3,0
"…...San Miguel",234,149,0,0,8,1
"…...Tagbina",248,154,1,0,8,3
"…...Tago",284,144,2,0,8,2
"…...City of Tandag",390,1074,1,9,7,52
"….CITY OF BUTUAN",2423,2915,5,12,52,71
"BANGSAMORO AUTONOMOUS REGION IN MUSLIM MINDANAO (BARMM)",5552,5784,27,31,109,113
"….BASILAN",678,500,3,2,20,6
"…...Akbar",16,10,0,0,0,0
"…...Al-Barka",12,11,0,0,0,0
"…...Hadji Mohammad Ajul",34,29,0,0,0,0
"…...Hadji Muhtamad",3,3,0,0,0,0
"…...City of Lamitan",354,276,2,2,11,6
"…...Lantawan",53,34,0,0,2,0
"…...Maluso",65,36,1,0,1,0
"…...Sumisip",48,28,0,0,1,0
"…...Tabuan-Lasa",1,0,0,0,1,0
"…...Tipo-tipo",18,11,0,0,0,0
"…...Tuburan",9,2,0,0,3,0
"…...Ungkaya Pukan",65,60,0,0,1,0
"….LANAO DEL SUR",1105,1256,3,4,24,26
"…...Amai Manabilang",15,7,0,0,0,0
"…...Bacolod-Kalawi",8,8,0,0,0,0
"…...Balabagan",52,42,0,0,1,1
"…...Balindong",33,29,0,0,0,0
"…...Bayang",5,3,0,0,0,0
"…...Binidayan",15,14,0,0,0,0
"…...Buadiposo-Buntong",21,19,0,0,0,0
"…...Bubong",25,19,0,0,0,0
"…...Butig",7,3,0,0,0,0
"…...Calanogas",10,9,0,0,1,0
"…...Ditsaan-Ramain",24,16,0,0,0,0
"…...Ganassi",16,11,0,0,0,0
"…...Kapai",4,4,0,0,0,0
"…...Kapatagan",14,5,0,0,0,0
"…...Lumba-Bayabao",15,8,0,0,0,0
"…...Lumbaca-Unayan",3,3,0,0,0,0
"…...Lumbatan",11,7,0,0,0,0
"…...Lumbayanague",1,2,0,0,0,0
"…...Madalum",10,8,0,0,0,0
"…...Madamba",3,1,0,0,1,0
"…...Maguing",11,8,0,0,0,0
"…...Malabang",47,48,0,0,0,0
"…...Marantao",45,18,0,0,0,0
"…...City of Marawi",254,591,2,4,4,16
"…...Marogong",8,12,0,0,0,0
"…...Masiu",23,18,0,0,0,0
"…...Mulondo",10,8,0,0,0,0
"…...Pagayawan",29,29,0,0,0,0
"…...Piagapo",13,8,0,0,0,0
"…...Picong",15,8,0,0,0,0
"…...Poona Bayabao",18,11,0,0,0,0
"…...Pualas",4,3,0,0,0,0
"…...Saguiaran",35,27,0,0,2,1
"…...Sultan Dumalondong",5,3,0,0,0,0
"…...Tagoloan II",3,2,0,0,0,0
"…...Tamparan",24,32,0,0,1,1
"…...Taraka",21,12,0,0,1,0
"…...Tubaran",4,2,0,0,0,0
"…...Tugaya",21,14,0,0,1,0
"…...Wao",223,184,1,0,12,7
"….MAGUINDANAO DEL NORTE",2650,3086,12,20,43,69
"…...Barira",13,9,0,0,0,0
"…...Buldon",36,15,0,0,1,0
"…...City of Cotabato",1578,2322,3,18,30,63
"…...Datu Blah T. Sinsuat",8,6,0,0,0,0
"…...Datu Odin Sinsuat",248,154,4,0,1,2
"…...Kabuntalan",22,8,0,0,1,0
"…...Matanog",16,16,0,0,0,0
"…...Northern Kabuntalan",19,15,0,0,0,0
"…...Parang",267,206,0,0,0,0
"…...Sultan Kudarat",191,143,2,0,4,1
"…...Sultan Mastura",54,45,0,0,1,0
"…...Talitay",11,8,0,0,1,0
"…...Upi",187,139,3,2,4,3
"….MAGUINDANAO DEL SUR",770,611,6,2,16,7
"…...Ampatuan",96,51,0,0,1,0
"…...Buluan",63,70,1,0,2,4
"…...Datu Abdullah Sangki",50,32,1,0,0,0
"…...Datu Anggal Midtimbang",12,8,0,0,0,0
"…...Datu Hoffer Ampatuan",10,56,0,0,0,1
"…...Datu Paglas",36,18,1,1,2,0
"…...Datu Piang",25,13,0,0,0,0
"…...Datu Salibo",9,7,0,0,0,0
"…...Datu Saudi Ampatuan",32,22,1,0,0,0
"…...Datu Unsay",9,7,0,0,0,0
"…...Gen. S.K. Pendatun",40,31,0,0,0,0
"…...Guindulungan",12,3,0,0,1,0
"…...Mamasapano",26,20,0,0,4,0
"…...Mangudadatu",22,15,0,0,1,0
"…...Pagagawan",48,37,0,0,1,0
"…...Pagalungan",79,75,1,0,1,0
"…...Paglat",32,27,0,0,0,0
"…...Pandag",7,0,0,0,0,0
"…...Rajah Buayan",18,16,0,0,1,1
"…...Shariff Aguak",30,18,0,0,1,0
"…...Shariff Saydona Mustapha",16,14,0,0,0,0
"…...South Upi",51,37,1,1,1,1
"…...Sultan sa Barongis",28,22,0,0,0,0
"…...Talayan",19,12,0,0,0,0
"….TAWI-TAWI",349,331,3,3,6,5
"…...Bongao",116,120,1,1,1,1
"…...Languyan",18,18,0,0,0,1
"…...Mapun",10,7,0,0,1,0
"…...Panglima Sugala",33,28,0,0,2,2
"…...Sapa-sapa",26,24,0,0,0,0
"…...Sibutu",45,43,0,1,1,0
"…...Simunul",28,28,0,0,0,0
"…...Sitangkai",33,26,1,0,1,1
"…...South Ubian",10,7,0,0,0,0
"…...Tandubas",30,30,1,1,0,0
"…...Turtle Islands",0,0,0,0,0,0
"FOREIGN COUNTRY",604,0,0,0,0,0
